id,Y,X,
0,-33.85693858,151.2144895,
1,41.8781136,-87.6297982,
2,-61.15704,77.40375,